code,description,2018-19,2019-20,2020-21,2021-22,2022-23,2023-24,baseline,2018-19_pct,2019-20_pct,2020-21_pct,2021-22_pct,2022-23_pct,2023-24_pct
A00-A09,Intestinal infectious diseases,119827.0,118049.0,67675.0,100034.0,104974.0,114231.0,118938.0,0.7474482503489213,-0.7474482503489213,-43.10060703896148,-15.893995190771662,-11.74057071751669,-3.9575240881803966
A15-A19,Tuberculosis,1335.0,1387.0,1181.0,1366.0,1346.0,1634.0,1361.0,-1.9103600293901544,1.9103600293901544,-13.225569434239528,0.36737692872887584,-1.1021307861866276,20.058780308596617
A20-A28,Certain zoonotic bacterial diseases,,148.0,103.0,99.0,113.0,146.0,148.0,,0.0,-30.405405405405407,-33.108108108108105,-23.64864864864865,-1.3513513513513513
A20-A49,Certain bacterial diseases,148156.0,,,,,,148156.0,0.0,,,,,
A30-A49,Other bacterial diseases,,137272.0,94976.0,110063.0,113026.0,114125.0,137272.0,,0.0,-30.811818870563553,-19.821230840958098,-17.66274258406667,-16.862142315985782
A50-A64,Infections with a predominantly sexual mode of transmission,,717.0,569.0,725.0,925.0,997.0,717.0,,0.0,-20.641562064156208,1.1157601115760112,29.009762900976288,39.05160390516039
A50-A64,Infections with predominantly sexual mode of transmission,670.0,,,,,,670.0,0.0,,,,,
A65-A69,Other spirochaetal diseases,,281.0,166.0,191.0,193.0,264.0,281.0,,0.0,-40.92526690391459,-32.028469750889684,-31.316725978647685,-6.049822064056939
A65-A79,Other infectious and parasitic disorders,351.0,,,,,,351.0,0.0,,,,,
A70-A74,Other diseases caused by chlamydiae,,51.0,31.0,42.0,53.0,48.0,51.0,,0.0,-39.21568627450981,-17.647058823529413,3.9215686274509802,-5.88235294117647
A75-A79,Rickettsioses,,28.0,5.0,7.0,24.0,28.0,28.0,,0.0,-82.14285714285714,-75.0,-14.285714285714285,0.0
A80-A89,Viral infections of the central nervous system,3639.0,3511.0,1347.0,2115.0,2772.0,3269.0,3575.0,1.7902097902097902,-1.7902097902097902,-62.32167832167832,-40.83916083916084,-22.46153846153846,-8.55944055944056
A90-A99,Arthropod-borne viral fevers & viral haemorrhagic fevers,178.0,,,,,,178.0,0.0,,,,,
A92-A99,Arthropod-borne viral fevers & viral haemorrhagic fevers,,240.0,9.0,60.0,176.0,323.0,240.0,,0.0,-96.25,-75.0,-26.666666666666668,34.583333333333336
B00-B09,Viral infections characterized by skin & mucous mem. lesns.,13558.0,12543.0,6018.0,9212.0,12155.0,11876.0,13050.5,3.8887398950231793,-3.8887398950231793,-53.88682425960691,-29.41266618137236,-6.861806061070457,-8.999655185625071
B15-B19,Viral hepatitis,1632.0,1667.0,1125.0,1358.0,1843.0,1952.0,1649.5,-1.0609275538041831,1.0609275538041831,-31.797514398302518,-17.672021824795394,11.730827523491968,18.33889057290088
B20-B24,Human immunodeficiency virus [HIV] disease,1113.0,918.0,588.0,643.0,703.0,757.0,1015.5,9.601181683899556,-9.601181683899556,-42.09748892171344,-36.68143771541112,-30.773018217626785,-25.455440669620877
B25-B34,Other viral diseases,116893.0,105728.0,45958.0,96977.0,83090.0,85279.0,111310.5,5.015250133635192,-5.015250133635192,-58.711891510684076,-12.877042147865655,-25.352954123824794,-23.38638313546341
B35-B49,Mycoses,3312.0,3541.0,2678.0,3096.0,3258.0,3655.0,3426.5,-3.3416022180067126,3.3416022180067126,-21.844447687144317,-9.645410769006274,-4.917554355756603,6.6686122865898145
B50-B64,Protozoal diseases,1869.0,1966.0,571.0,1285.0,1789.0,2195.0,1917.5,-2.529335071707953,2.529335071707953,-70.22164276401564,-32.98565840938723,-6.701434159061277,14.471968709256844
B65-B83,Helminthiases,338.0,288.0,239.0,236.0,239.0,264.0,313.0,7.987220447284344,-7.987220447284344,-23.642172523961662,-24.600638977635782,-23.642172523961662,-15.654952076677317
B85-B89,"Pediculosis, acariasis and other infestations",,251.0,192.0,194.0,274.0,408.0,251.0,,0.0,-23.50597609561753,-22.709163346613543,9.163346613545817,62.54980079681275
B85-B99,Other infectious and parasitic diseases,3346.0,,,,,,3346.0,0.0,,,,,
B95-B98,"Bacterial, viral and other infectious agents",,6.0,5.0,2.0,8.0,5.0,6.0,,0.0,-16.666666666666664,-66.66666666666666,33.33333333333333,-16.666666666666664
B99-B99,Other infectious and parasitic diseases,,5109.0,4866.0,7477.0,8482.0,11103.0,5109.0,,0.0,-4.7563123899001765,46.34957917400666,66.02074770013702,117.32237228420435
C00-C14,Malignant neoplasm of lip-oral cavity and pharynx,2537.0,2452.0,2303.0,2539.0,2639.0,2709.0,2494.5,1.7037482461415114,-1.7037482461415114,-7.676889156143515,1.7839246341952295,5.792744036881139,8.598917618761275
C15-C26,Malignant neoplasm of digestive organs,29686.0,29995.0,27797.0,30000.0,28669.0,29835.0,29840.5,-0.5177527186206665,0.5177527186206665,-6.848075601950369,0.5345084700323386,-3.9258725557547627,-0.018431326552839262
C30-C39,Malignant neoplasms of respiratory & intrathoracic organs,15490.0,14889.0,13935.0,14595.0,13707.0,13258.0,15189.5,1.9783403008657294,-1.9783403008657294,-8.258994700286381,-3.913887883077126,-9.760031600776852,-12.716020935514665
C40-C41,Malignant neoplasm of bone and articular cartilage,626.0,621.0,616.0,640.0,709.0,720.0,623.5,0.40096230954290296,-0.40096230954290296,-1.202886928628709,2.6463512429831595,13.712910986367282,15.477145148356056
C43-C44,Malignant neoplasms of skin,1145.0,1332.0,1387.0,1592.0,1554.0,1646.0,1238.5,-7.549454985870003,7.549454985870003,11.990310859911183,28.542591844973757,25.47436415018167,32.902704884941464
C45-C49,Malignant neoplasms of mesothelial and soft tissue,2510.0,2506.0,2353.0,2351.0,2229.0,2347.0,2508.0,0.07974481658692185,-0.07974481658692185,-6.180223285486443,-6.2599681020733655,-11.124401913875598,-6.419457735247209
C50,Malignant neoplasm of breast,4308.0,,,,,,4308.0,0.0,,,,,
C50-C50,Malignant neoplasm of breast,,4173.0,3589.0,4166.0,4020.0,4135.0,4173.0,,0.0,-13.994728013419602,-0.1677450275581117,-3.6664270309130123,-0.910615863886892
C64-C68,Malignant neoplasms of urinary tract,5467.0,5625.0,5493.0,5966.0,5584.0,5873.0,5546.0,-1.42445005409304,1.42445005409304,-0.9556437071763433,7.573025604038946,0.6851785070320953,5.896141363144609
C69-C72,"Malignant neoplasms of eye, brain & other parts of CNS",4779.0,4740.0,4390.0,4742.0,4601.0,4700.0,4759.5,0.40970690198550264,-0.40970690198550264,-7.76342052736632,-0.36768568126904083,-3.330181741779599,-1.250131316314739
C73-C75,Malignant neoplasms of thyroid and other endocrine glands,,538.0,515.0,628.0,692.0,739.0,538.0,,0.0,-4.275092936802974,16.728624535315987,28.624535315985128,37.36059479553903
"C73-C80, C97",Malignant neoplsm. of thyroid and oth. endo. Glands etc,29785.0,,,,,,29785.0,0.0,,,,,
C76-C80,"Malignant neoplasms of ill-defined, secondary and unspecified site",,29220.0,,,,,29220.0,,0.0,,,,
C81-C96,"Malignant neoplasms of lymphoid, haematopoietic & rel. tiss.",19669.0,20532.0,18676.0,20188.0,20461.0,19560.0,20100.5,-2.1467127683390963,2.1467127683390963,-7.086888385861048,0.4353125544140693,1.7934877241859655,-2.6889878361234794
C97-C97,Malignant neoplasms of independent (primary) multiple sites,,594.0,630.0,666.0,712.0,733.0,594.0,,0.0,6.0606060606060606,12.121212121212121,19.865319865319865,23.400673400673398
D00-D09,In situ neoplasms,,178.0,167.0,169.0,186.0,228.0,178.0,,0.0,-6.179775280898876,-5.056179775280898,4.49438202247191,28.08988764044944
D00-D48,In situ & benign neoplasms and others of uncertainty,15449.0,,,,,,15449.0,0.0,,,,,
D10-D36,Benign neoplasms,,8640.0,8460.0,9607.0,9574.0,10698.0,8640.0,,0.0,-2.083333333333333,11.19212962962963,10.810185185185185,23.819444444444443
D37-D48,Neoplasms of uncertain or unknown behaviour,,6807.0,6587.0,7102.0,6542.0,6504.0,6807.0,,0.0,-3.2319670926986928,4.333774056118702,-3.8930512707506977,-4.4513001322168355
D50-D53,Nutritional anaemias,,29852.0,31419.0,41128.0,42101.0,45544.0,29852.0,,0.0,5.2492295323596405,37.7730135334316,41.0324266380812,52.56599222832641
D50-D64,Anaemias,65512.0,,,,,,65512.0,0.0,,,,,
D55-D59,Haemolytic anaemias,,13578.0,10348.0,12884.0,14086.0,15232.0,13578.0,,0.0,-23.788481366917072,-5.111209309176609,3.741346295477979,12.181470025040507
D60-D64,Aplastic and other anaemias,,25212.0,23782.0,27551.0,26804.0,26754.0,25212.0,,0.0,-5.671902268760907,9.277328256385848,6.314453434872283,6.116135173726796
D65-D69,"Coagulation defects, purpura and other haemorrhagic conditions",,8422.0,6103.0,8002.0,8632.0,8852.0,8422.0,,0.0,-27.53502730942769,-4.986938969365946,2.493469484682973,5.105675611493707
D65-D89,Diseases of the blood and blood-forming organs,16113.0,,,,,,16113.0,0.0,,,,,
D70-D77,Other diseases of blood and blood-forming organs,,6804.0,4965.0,6142.0,6345.0,6958.0,6804.0,,0.0,-27.028218694885364,-9.729570840681951,-6.746031746031746,2.263374485596708
D80-D89,Certain disorders involving the immune mechanism,,1272.0,1067.0,1152.0,1101.0,1174.0,1272.0,,0.0,-16.11635220125786,-9.433962264150944,-13.443396226415095,-7.70440251572327
E00-E07,Disorders of thyroid gland,3623.0,3726.0,3898.0,4172.0,4219.0,4723.0,3674.5,-1.4015512314600627,1.4015512314600627,6.082460198666485,13.539257041774391,14.818342631650564,28.534494489046132
E10-E14,Diabetes Mellitus,49360.0,51708.0,49071.0,54215.0,52975.0,55884.0,50534.0,-2.3231883484386753,2.3231883484386753,-2.895080539834567,7.284204693869474,4.830411208295405,10.586931570823605
E15-E16,Other disorders of glucose regulation and pancreatic internal secr,,13745.0,,,,,13745.0,,0.0,,,,
E15-E90,Endocrine nutritional and metabolic diseases,91624.0,,,,,,91624.0,0.0,,,,,
E20-E35,Disorders of other endocrine glands,,5538.0,4988.0,5967.0,5979.0,6606.0,5538.0,,0.0,-9.93138317081979,7.746478873239436,7.963163596966413,19.284940411700973
E40-E46,Malnutrition,,654.0,644.0,714.0,641.0,708.0,654.0,,0.0,-1.529051987767584,9.174311926605505,-1.9877675840978593,8.256880733944955
E50-E64,Other nutritional deficiencies,,1381.0,1569.0,2173.0,2544.0,2933.0,1381.0,,0.0,13.613323678493844,57.34974656046343,84.21433743664012,112.38233164373644
E65-E68,Obesity and other hyperalimentation,,581.0,518.0,674.0,651.0,642.0,581.0,,0.0,-10.843373493975903,16.00688468158348,12.048192771084338,10.499139414802066
E70-E90,Metabolic disorders,,74407.0,69241.0,80294.0,82393.0,88015.0,74407.0,,0.0,-6.942895157713656,7.91189001034849,10.73286115553644,18.288601878855484
F00-F03,Dementia,8958.0,,,,,,8958.0,0.0,,,,,
F00-F09,"Organic, including symptomatic, mental disorders",,32398.0,32769.0,34584.0,32979.0,35862.0,32398.0,,0.0,1.1451324155812088,6.747330082103834,1.793320575344157,10.692018025804062
F04-F09,Other organic including symptomatic mental disorders,20408.0,,,,,,20408.0,0.0,,,,,
F10-F19,Mental and behavioural disorders due to psychoactive subst.,48447.0,48160.0,45721.0,43128.0,36678.0,40077.0,48303.5,0.29707992174480113,-0.29707992174480113,-5.346403469727867,-10.714544494705352,-24.067614148043106,-17.030856977237676
F20-F29,"Schizophrenia, schizotypal and delusional disorders",17906.0,16227.0,14618.0,13439.0,10819.0,10362.0,17066.5,4.918993349544429,-4.918993349544429,-14.346819793162044,-21.255090381742008,-36.6068028008086,-39.28456332581373
F30-F39,Mood [affective] disorders,18419.0,17349.0,13307.0,12506.0,9749.0,8960.0,17884.0,2.991500782822635,-2.991500782822635,-25.592708566316258,-30.07157235517781,-45.48758666964885,-49.899351375531204
F40-F48,"Neurotic, stress-related and somatoform disorders",,18948.0,17266.0,18016.0,15220.0,16877.0,18948.0,,0.0,-8.876926324678067,-4.918724931391176,-19.674899725564703,-10.929913447329534
F40-F69,"Neurotic, behavioural & personality disorders",28857.0,,,,,,28857.0,0.0,,,,,
F50-F59,Behavioural syndromes associated with physiological disturbances a,,2969.0,,,,,2969.0,,0.0,,,,
F60-F69,Disorders of adult personality and behaviour,,7561.0,5287.0,4780.0,3571.0,2920.0,7561.0,,0.0,-30.075386853590796,-36.780849094035176,-52.77079751355641,-61.380769739452454
F70-F79,Mental retardation,248.0,211.0,182.0,166.0,130.0,107.0,229.5,8.061002178649238,-8.061002178649238,-20.697167755991288,-27.66884531590414,-43.35511982570806,-53.37690631808278
F80-F89,Disorders of psychological development,,810.0,690.0,821.0,708.0,661.0,810.0,,0.0,-14.814814814814813,1.3580246913580247,-12.592592592592592,-18.395061728395063
F80-F99,Other mental and behavioural disorders,2311.0,,,,,,2311.0,0.0,,,,,
F90-F98,Behavioural and emotional disorders with onset usually occurring i,,889.0,,,,,889.0,,0.0,,,,
F99-F99,Unspecified mental disorder,,520.0,527.0,368.0,313.0,249.0,520.0,,0.0,1.3461538461538463,-29.230769230769234,-39.80769230769231,-52.11538461538462
G00-G09,Inflammatory diseases of the central nervous system,4925.0,5011.0,3821.0,4935.0,5703.0,5789.0,4968.0,-0.8655394524959743,0.8655394524959743,-23.087761674718195,-0.6642512077294686,14.794685990338163,16.525764895330113
G10-G14,Systemic atrophies primarily affecting the central nervous system,,1216.0,1025.0,1189.0,1054.0,1160.0,1216.0,,0.0,-15.707236842105262,-2.2203947368421053,-13.322368421052634,-4.605263157894736
"G10-G14, G30-G32",Other degenerative diseases (incl. Alzheimer).,6366.0,,,,,,6366.0,0.0,,,,,
G20-G26,Extrapyramidal & movement disorders (incl. Parkinsonism).,6335.0,6399.0,5947.0,6346.0,5463.0,5773.0,6367.0,-0.5025914873566829,0.5025914873566829,-6.596513271556463,-0.32982566357782317,-14.19820951782629,-9.329354484058426
G30-G32,Other degenerative diseases (incl. Alzheimer).,,5201.0,4966.0,5030.0,4591.0,4813.0,5201.0,,0.0,-4.518361853489713,-3.287829263603153,-11.728513747356278,-7.460103826187272
G35-G37,Demyelinating diseases (incl Multiple Sclerosis) of the CNS.,3103.0,3045.0,2615.0,2891.0,2717.0,2981.0,3074.0,0.9433962264150944,-0.9433962264150944,-14.931685100845804,-5.953155497722837,-11.613532856213403,-3.02537410540013
G40-G47,"Epilepsy, migraine & other episodic disorders",86178.0,,,,,,86178.0,0.0,,,,,
G40-G47,Episodic and paroxysmal disorders,,87460.0,80144.0,87323.0,74193.0,83951.0,87460.0,,0.0,-8.364966841984907,-0.15664303681683056,-15.16922021495541,-4.012119826206266
G50-G59,"Nerve, nerve root and plexus disorders",,7823.0,7575.0,7831.0,7129.0,7578.0,7823.0,,0.0,-3.1701393327368015,0.102262559120542,-8.871277003707018,-3.1317908730665986
"G50-G73,  G90-G99",Other diseases & disorders of the nervous syst.,23564.0,,,,,,23564.0,0.0,,,,,
G60-G64,Polyneuropathies and other disorders of the peripheral nervous sys,,2565.0,,,,,2565.0,,0.0,,,,
G70-G73,Diseases of myoneural junction and muscle,,1482.0,1266.0,1489.0,1439.0,1551.0,1482.0,,0.0,-14.5748987854251,0.47233468286099867,-2.901484480431849,4.65587044534413
G80-G83,Cerebral palsy & other paralytic syndromes,4216.0,4334.0,3913.0,4216.0,4084.0,4333.0,4275.0,-1.3801169590643274,1.3801169590643274,-8.46783625730994,-1.3801169590643274,-4.4678362573099415,1.3567251461988303
G90-G99,Other diseases & disorders of the nervous syst.,,12758.0,12052.0,13229.0,13059.0,13792.0,12758.0,,0.0,-5.533782724564979,3.6918012227621886,2.3593039661388935,8.104718607932277
H00-H06,"Disorders of eyelid, lacrimal system and orbit",,6637.0,3702.0,5285.0,6939.0,6769.0,6637.0,,0.0,-44.22178695193612,-20.370649389784543,4.550248606298026,1.9888503842097334
"H00-H06, H15-H22, H30-H36, H43-H59",Other disorders of the eye etc,28520.0,,,,,,28520.0,0.0,,,,,
H10-H13,Disorders of conjunctiva (including conjunctivitis),1749.0,2036.0,987.0,1545.0,1895.0,1875.0,1892.5,-7.582562747688243,7.582562747688243,-47.846763540290624,-18.361955085865258,0.13210039630118892,-0.9247027741083224
H15-H22,"Disorders of sclera, cornea, iris and ciliary body",,2160.0,1277.0,1680.0,1617.0,1830.0,2160.0,,0.0,-40.879629629629626,-22.22222222222222,-25.13888888888889,-15.277777777777779
H25-H28,Disorders of lens (including cataracts),515.0,612.0,414.0,480.0,359.0,445.0,563.5,-8.606921029281278,8.606921029281278,-26.53061224489796,-14.81810115350488,-36.29103815439219,-21.029281277728483
H30-H36,Disorders of choroid and retina,,8322.0,5802.0,6490.0,7136.0,7307.0,8322.0,,0.0,-30.28118240807498,-22.013938956981494,-14.251381879355923,-12.196587358807978
H40-H42,Glaucoma,991.0,1100.0,797.0,862.0,791.0,872.0,1045.5,-5.2128168340506935,5.2128168340506935,-23.768531802965086,-17.55141080822573,-24.342419894787184,-16.594930655188904
H43-H45,Disorders of vitreous body and globe,,1415.0,939.0,1186.0,1205.0,1360.0,1415.0,,0.0,-33.63957597173145,-16.18374558303887,-14.840989399293287,-3.8869257950530036
H46-H48,Disorders of optic nerve and visual pathways,,2228.0,2149.0,2757.0,2632.0,2787.0,2228.0,,0.0,-3.5457809694793534,23.74326750448833,18.13285457809695,25.089766606822263
H49-H52,"Disorders of ocular muscles, binocular movement, accommodation and",,1396.0,,,,,1396.0,,0.0,,,,
H53-H54,Visual disturbances and blindness,,6410.0,5801.0,6249.0,5543.0,6635.0,6410.0,,0.0,-9.500780031201247,-2.5117004680187205,-13.525741029641186,3.5101404056162244
H55-H59,Other disorders of eye and adnexa,,2123.0,1660.0,2048.0,1978.0,2027.0,2123.0,,0.0,-21.80876118699953,-3.532736693358455,-6.82995760715968,-4.521902967498822
H60-H62,Diseases of external ear,,8697.0,6278.0,8096.0,9207.0,10551.0,8697.0,,0.0,-27.814188800735884,-6.910428883523053,5.864091065884788,21.31769575715764
H60-H95,Diseases of the ear and mastoid process,29714.0,,,,,,29714.0,0.0,,,,,
H65-H75,Diseases of middle ear and mastoid,,9021.0,4081.0,7432.0,9914.0,10222.0,9021.0,,0.0,-54.761112958652035,-17.614455160181798,9.899124265602483,13.313379891364594
H80-H83,Diseases of inner ear,,11117.0,10201.0,11126.0,9421.0,11948.0,11117.0,,0.0,-8.239632994512908,0.08095709274084735,-15.255914365386344,7.475038229738239
H90-H95,Other disorders of ear,,2782.0,2200.0,2999.0,3426.0,3643.0,2782.0,,0.0,-20.92020129403307,7.800143781452193,23.14881380301941,30.948957584471604
I00-I02,Acute rheumatic fever,,68.0,33.0,34.0,33.0,44.0,68.0,,0.0,-51.470588235294116,-50.0,-51.470588235294116,-35.294117647058826
I00-I09,Rheumatic heart disease,1862.0,,,,,,1862.0,0.0,,,,,
I05-I09,Chronic rheumatic heart diseases,,1929.0,1813.0,2306.0,2469.0,2650.0,1929.0,,0.0,-6.013478486262312,19.543805080352513,27.993779160186627,37.37687921202696
I10-I15,Hypertensive diseases,20578.0,23451.0,23990.0,32088.0,33700.0,42508.0,22014.5,-6.525244725067569,6.525244725067569,8.973631015921324,45.75847736718981,53.080923936496404,93.09091734992846
I20-I25,Ischaemic heart diseases,140838.0,140595.0,129085.0,137953.0,127356.0,133635.0,140716.5,0.08634381895513318,-0.08634381895513318,-8.265910536433182,-1.96387772578198,-9.494622165844092,-5.032458880088689
I26-I28,Pulmonary heart disease & diseases of pulmonary circulation,29107.0,30573.0,34607.0,36418.0,35066.0,35857.0,29840.0,-2.4564343163538873,2.4564343163538873,15.975201072386058,22.044235924932977,17.51340482573727,20.1642091152815
I30-I52,Other forms of heart disease,198163.0,208184.0,185716.0,214242.0,201873.0,218691.0,203173.5,-2.4661188590047423,2.4661188590047423,-8.59240993535082,5.447806923639155,-0.6400933192566944,7.637561000819497
I60-I69,Cerebrovascular diseases,93175.0,96937.0,94710.0,99497.0,99036.0,103811.0,95056.0,-1.978833529708803,1.978833529708803,-0.3639959602760478,4.671982831173203,4.187005554620434,9.21036020871907
I70-I79,"Diseases of arteries, arterioles & capillaries",21925.0,22817.0,21243.0,23281.0,22633.0,24263.0,22371.0,-1.9936524965356934,1.9936524965356934,-5.042242188547673,4.067766304590765,1.1711590898931652,8.45737785525904
I80-I89,Diseases of veins & lymphatic system nec.,41322.0,70009.0,64421.0,72061.0,71792.0,76981.0,55665.5,-25.767306500435637,25.767306500435637,15.728772758710512,29.453611303230904,28.97036764243562,38.29211989472833
I95-I99,Other & unspecified disorders of the circulatory system,26603.0,1271.0,1192.0,1403.0,1503.0,1468.0,13937.0,90.88039032790414,-90.88039032790414,-91.44722680634283,-89.93327114874076,-89.21575661907154,-89.46688670445576
J00-J06,Acute upper respiratory infections,133084.0,140993.0,42419.0,98285.0,119706.0,108707.0,137038.5,-2.8856854095746813,2.8856854095746813,-69.0459250502596,-28.279279180668205,-12.64790551560328,-20.674117127668502
J09-J18,Influenza & pneumonia,282503.0,298114.0,137083.0,184907.0,261695.0,284700.0,290308.5,-2.688691512649475,2.688691512649475,-52.78023206347731,-36.30672198712749,-9.856239138709338,-1.931910364319336
J20-J22,Other acute lower respiratory infections,174923.0,181948.0,53819.0,136990.0,156188.0,179404.0,178435.5,-1.9684984209980636,1.9684984209980636,-69.83840099083423,-23.2271605145837,-12.468090710648946,0.5427731589285765
J30-J39,Other diseases of upper respiratory tract,18857.0,19180.0,9108.0,14942.0,19349.0,21288.0,19018.5,-0.8491731734889713,0.8491731734889713,-52.10978783815759,-21.434392828035858,1.7377816336724767,11.933117753766071
J40-J47,Chronic lower respiratory diseases,208989.0,211328.0,110896.0,160044.0,169042.0,192316.0,210158.5,-0.5564847484160764,0.5564847484160764,-47.23220807152696,-23.84604952928385,-19.564519160538353,-8.490020627288452
J60-J70,Lung diseases due to external agents,26172.0,28876.0,19912.0,26899.0,27495.0,30068.0,27524.0,-4.912076733032989,4.912076733032989,-27.655863973259702,-2.270745531172795,-0.10536259264641767,9.242842610085743
J80-J8,Other respiratory diseases principally affecting the interstitium,,9077.0,,,,,9077.0,,0.0,,,,
J80-J99,Other diseases of the respiratory system,48385.0,,,,,,48385.0,0.0,,,,,
J85-J86,Suppurative and necrotic conditions of lower respiratory tract,,2604.0,2180.0,2597.0,3326.0,3322.0,2604.0,,0.0,-16.282642089093702,-0.2688172043010753,27.72657450076805,27.572964669738866
J90-J94,Other diseases of pleura,,23182.0,19832.0,21610.0,21355.0,22439.0,23182.0,,0.0,-14.450867052023122,-6.781123285307567,-7.881114657924251,-3.205072901389009
J95-J99,Other diseases of the respiratory system,,14576.0,11527.0,14819.0,15203.0,16175.0,14576.0,,0.0,-20.917947310647637,1.6671240395170144,4.30159165751921,10.970087815587267
K00-K14,"Diseases of oral cavity, salivary glands & jaws",20543.0,22129.0,17540.0,19340.0,19979.0,23109.0,21336.0,-3.7167229096362955,3.7167229096362955,-17.791526059242592,-9.355080614923136,-6.360142482189726,8.309898762654667
K20-K31,"Diseases of oesophagus, stomach & duodenum",66909.0,68852.0,63069.0,67532.0,61575.0,68212.0,67880.5,-1.4311915793195396,1.4311915793195396,-7.08819174873491,-0.5134022289169938,-9.289118377148077,0.4883582177503112
K35-K38,Diseases of appendix,45814.0,45543.0,44326.0,46297.0,43447.0,47483.0,45678.5,0.29663846229626634,-0.29663846229626634,-2.9609115886029533,1.3540287005921823,-4.8852304694768875,3.950436200838469
K40-K46,Hernia,29198.0,30577.0,29401.0,32804.0,33215.0,36731.0,29887.5,-2.3069845253032204,2.3069845253032204,-1.6277708071936428,9.758260142199916,11.133416980342952,22.89753241321623
K50-K52,Noninfective enteritis & colitis,26495.0,28149.0,25111.0,29438.0,29568.0,31571.0,27322.0,-3.0268647975990044,3.0268647975990044,-8.092379767220555,7.744674621184394,8.220481663128615,15.551570163238415
K55-K63,Other diseases of intestines,166354.0,,,,,,166354.0,0.0,,,,,
K55-K64,Other diseases of intestines,,170458.0,153451.0,167595.0,160540.0,176187.0,170458.0,,0.0,-9.977237794647362,-1.6795926269227612,-5.818442079573853,3.3609452181769117
K65-K67,Diseases of peritoneum,5547.0,5632.0,4814.0,5358.0,5136.0,5353.0,5589.5,-0.7603542356203595,0.7603542356203595,-13.874228464084446,-4.141694248143841,-8.113426961266661,-4.231147687628589
K70-K77,Diseases of liver,24885.0,25743.0,27623.0,30315.0,29931.0,30006.0,25314.0,-1.694714387295568,1.694714387295568,9.12143477917358,19.755866319032947,18.23891917515999,18.535197914197678
K80-K87,"Disorders of gall bladder, biliary tract & pancreas",112653.0,118344.0,115141.0,125599.0,122703.0,138751.0,115498.5,-2.463668359329342,2.463668359329342,-0.3095278293657493,8.745135218206297,6.237743347316199,20.132296090425417
K90-K93,Other diseases of the digestive system,65164.0,65616.0,57572.0,62936.0,59038.0,62559.0,65390.0,-0.345618596115614,0.345618596115614,-11.955956568282613,-3.7528674109191007,-9.714023551001683,-4.3294081663862976
L00-L08,Infections of the skin and subcutaneous tissue,,156855.0,112587.0,131221.0,139526.0,154177.0,156855.0,,0.0,-28.22224347327149,-16.34248191004431,-11.047782984284849,-1.7073092983966083
L00-L14  L55-L99,Other infections and disorders of the skin,180007.0,,,,,,180007.0,0.0,,,,,
L10-L14,Bullous disorders,,716.0,603.0,752.0,698.0,804.0,716.0,,0.0,-15.782122905027931,5.027932960893855,-2.5139664804469275,12.290502793296088
L20-L30,Dermatitis and eczema,8629.0,9053.0,7026.0,8411.0,8369.0,10264.0,8841.0,-2.397918787467481,2.397918787467481,-20.529351883271126,-4.863703200995363,-5.338762583418165,16.09546431399163
L40-L45,Papulosquamous disorders (including Psoriasis),1225.0,1205.0,948.0,1162.0,1189.0,1324.0,1215.0,0.823045267489712,-0.823045267489712,-21.975308641975307,-4.362139917695473,-2.139917695473251,8.97119341563786
L50-L54,Urticaria and erythems,5655.0,6132.0,4396.0,5069.0,4785.0,5409.0,5893.5,-4.046831254772207,4.046831254772207,-25.409349283108508,-13.989988970900145,-18.808857215576484,-8.220921354034106
L55-L59,Radiation-related disorders of the skin and subcutaneous tissue,,344.0,289.0,311.0,317.0,341.0,344.0,,0.0,-15.988372093023257,-9.593023255813954,-7.848837209302325,-0.872093023255814
L60-L75,Disorders of skin appendages,,12855.0,11111.0,14175.0,15014.0,16400.0,12855.0,,0.0,-13.566705562038116,10.268378063010502,16.7950213924543,27.576818358615323
L80-L99,Other disorders of the skin and subcutaneous tissue,,18323.0,14623.0,16898.0,17033.0,18179.0,18323.0,,0.0,-20.193199803525623,-7.777110735141625,-7.040331823391366,-0.7858975058669431
M00-M25,Arthropathies,77360.0,77999.0,63759.0,69638.0,62006.0,68799.0,77679.5,-0.4113054280730437,0.4113054280730437,-17.920429456935228,-10.352152112204635,-20.17713811237199,-11.432231154937918
M30-M36,Systemic connective tissue disorders,4359.0,4625.0,4369.0,4973.0,4706.0,5218.0,4492.0,-2.9608192341941226,2.9608192341941226,-2.73820124666073,10.707925200356188,4.764024933214603,16.16206589492431
M40-M54,Dorsopathies,84580.0,88015.0,76698.0,87306.0,77344.0,90435.0,86297.5,-1.9902082910860688,1.9902082910860688,-11.123728960862135,1.1686317680118197,-10.375155711347373,4.7944610214664385
M60-M79,Soft tissue disorders,98401.0,102169.0,88444.0,112296.0,104661.0,114306.0,100285.0,-1.878645859300992,1.878645859300992,-11.8073490551927,11.976865932093533,4.363563843047316,13.981153711921024
M80-M94,Osteopathies and chondropathies,21704.0,23834.0,21133.0,25432.0,25501.0,27730.0,22769.0,-4.677412271070315,4.677412271070315,-7.185207958188765,11.695726645878167,11.998770257806667,21.78839650401862
M95-M99,Other disorders of the musculoskeletal system & conn. tiss.,5768.0,6554.0,5850.0,6684.0,7344.0,7583.0,6161.0,-6.378834604771953,6.378834604771953,-5.047881837364064,8.48888167505275,19.201428339555267,23.080668722609964
N00-N08,Glomerular diseases,,3563.0,2718.0,3308.0,3319.0,3661.0,3563.0,,0.0,-23.715969688464778,-7.156890261015998,-6.848161661521191,2.75049115913556
"N00-N08, N10-N16",Diseases of the kidney,57992.0,,,,,,57992.0,0.0,,,,,
N10-N16,Renal tubulo-interstitial diseases,,56724.0,48812.0,54963.0,55827.0,64249.0,56724.0,,0.0,-13.948240603624567,-3.104506029193992,-1.5813412312248785,13.265989704534237
N17-N19,Renal failure,60142.0,60597.0,55562.0,59755.0,60028.0,60660.0,60369.5,-0.3768459238522764,0.3768459238522764,-7.9634583688783245,-1.017898110800984,-0.5656830021782523,0.48120325661136837
N20-N23,Urolithiasis,34255.0,33625.0,27805.0,28739.0,26552.0,27788.0,33940.0,0.9281084266352386,-0.9281084266352386,-18.076016499705364,-15.324101355332939,-21.767825574543313,-18.12610489098409
N25-N29,Other disorders of kidney & ureter,1827.0,1810.0,1755.0,1881.0,1916.0,2071.0,1818.5,0.4674182018146824,-0.4674182018146824,-3.4918889194390985,3.436898542755018,5.361561726697827,13.885070112730272
N30-N39,Other diseases of the urinary system,164675.0,161477.0,122236.0,136330.0,128621.0,139736.0,163076.0,0.9805244180627438,-0.9805244180627438,-25.043537982290466,-16.400941892123917,-21.128185631239422,-14.31234516421791
N60-N64,Disorders of breast,6334.0,6947.0,5570.0,6545.0,6552.0,7186.0,6640.5,-4.615616293953768,4.615616293953768,-16.12077403809954,-1.4381447180182214,-1.3327309690535352,8.214742865748061
N99,Other disorders of the genitourinary system,1765.0,,1751.0,1886.0,1502.0,1812.0,1765.0,0.0,,-0.7932011331444759,6.855524079320113,-14.90084985835694,2.6628895184135977
N99-N99,Other disorders of the genitourinary system,,1893.0,,,,,1893.0,,0.0,,,,
O10-O16,"Oedema, proteinuria and hypertensive disorders in pregnancy, chil",,864.0,,,,,864.0,,0.0,,,,
O80-O84,Delivery,,236.0,247.0,206.0,170.0,177.0,236.0,,0.0,4.661016949152542,-12.711864406779661,-27.966101694915253,-25.0
O85-O92,Complications predominantly related to the puerperium,,3961.0,3232.0,3444.0,3193.0,3632.0,3961.0,,0.0,-18.404443322393334,-13.052259530421612,-19.389043170916434,-8.305983337541024
O94-O99,"Other obstetric conditions, not elsewhere classified",,4711.0,,4824.0,5030.0,5485.0,4711.0,,0.0,,2.398641477393335,6.771386117597113,16.429632774357884
P00-P04,Complications of fetus/neonate affected by maternal,2.0,,,,,,2.0,0.0,,,,,
P00-P04,Fetus and newborn affected by maternal factors and by complication,,1.0,,,,,1.0,,0.0,,,,
P05-P08,Disorders related to length of gestation and fetal growth,,1377.0,1167.0,1236.0,1298.0,1259.0,1377.0,,0.0,-15.250544662309368,-10.239651416122005,-5.737109658678286,-8.569353667392884
P05-P96,Other conditions originating in the perinatal period,50816.0,,,,,,50816.0,0.0,,,,,
P10-P15,Birth trauma,,516.0,550.0,594.0,493.0,602.0,516.0,,0.0,6.5891472868217065,15.11627906976744,-4.457364341085271,16.666666666666664
P20-P29,Respiratory and cardiovascular disorders specific to the perinatal,,6366.0,,,,,6366.0,,0.0,,,,
P35-P39,Infections specific to the perinatal period,,6395.0,4533.0,5495.0,6040.0,6262.0,6395.0,,0.0,-29.1164972634871,-14.073494917904613,-5.551211884284597,-2.0797498045347926
P50-P61,Haemorrhagic and haematological disorders of fetus and newborn,,21203.0,19766.0,21531.0,21527.0,23190.0,21203.0,,0.0,-6.777342828844975,1.5469509031740791,1.5280856482573222,9.371315379899071
P70-P78,Transitory endocrine and metabolic disorders specific to fetus and,,604.0,,,,,604.0,,0.0,,,,
P75-P78,Digestive system disorders of fetus and newborn,,3724.0,3881.0,3479.0,3245.0,3245.0,3724.0,,0.0,4.215896885069817,-6.578947368421052,-12.8625134264232,-12.8625134264232
P80-P83,Conditions involving the integument and temperature regulation of,,1934.0,,,,,1934.0,,0.0,,,,
P90-P96,Other disorders originating in the perinatal period,,9777.0,9191.0,8876.0,8047.0,8440.0,9777.0,,0.0,-5.993658586478469,-9.215505778868774,-17.694589342334048,-13.674951416589955
Q00-Q07,Congenital malformations of the nervous system,,618.0,607.0,620.0,617.0,658.0,618.0,,0.0,-1.779935275080906,0.3236245954692557,-0.16181229773462785,6.472491909385113
Q00-Q89,Congenital malformations,10136.0,,,,,,10136.0,0.0,,,,,
Q10-Q18,"Congenital malformations of eye, ear, face and neck",,320.0,303.0,343.0,351.0,419.0,320.0,,0.0,-5.3125,7.187499999999999,9.6875,30.9375
Q20-Q28,Congenital malformations of the circulatory system,,2036.0,1973.0,1924.0,2012.0,2104.0,2036.0,,0.0,-3.094302554027505,-5.50098231827112,-1.1787819253438114,3.3398821218074657
Q30-Q34,Congenital malformations of the respiratory system,,1128.0,1066.0,1035.0,887.0,950.0,1128.0,,0.0,-5.49645390070922,-8.24468085106383,-21.365248226950353,-15.780141843971633
Q35-Q37,Cleft lip and cleft palate,,74.0,49.0,60.0,41.0,60.0,74.0,,0.0,-33.78378378378378,-18.91891891891892,-44.5945945945946,-18.91891891891892
Q38-Q45,Other congenital malformations of the digestive system,,2433.0,2204.0,2276.0,2135.0,2115.0,2433.0,,0.0,-9.412248253185368,-6.4529387587340725,-12.24825318536786,-13.070283600493218
Q50-Q56,Congenital malformations of genital organs,,1742.0,1809.0,2002.0,1989.0,2020.0,1742.0,,0.0,3.8461538461538463,14.925373134328357,14.17910447761194,15.958668197474168
Q60-Q64,Congenital malformations of the urinary system,,602.0,526.0,577.0,568.0,617.0,602.0,,0.0,-12.624584717607974,-4.152823920265781,-5.647840531561462,2.4916943521594686
Q65-Q79,Congenital malformations and deformations of the musculoskeletal s,,928.0,,,,,928.0,,0.0,,,,
Q80-Q89,Other congenital malformations,,609.0,571.0,657.0,614.0,720.0,609.0,,0.0,-6.239737274220033,7.8817733990147785,0.8210180623973727,18.226600985221676
Q90-Q99,Chromosomal abnormalities nec.,151.0,,,,,,151.0,0.0,,,,,
Q90-Q99,"Chromosomal abnormalities, not elsewhere classified",,132.0,126.0,104.0,108.0,138.0,132.0,,0.0,-4.545454545454546,-21.21212121212121,-18.181818181818183,4.545454545454546
R00-R09,Symptoms & signs inv. the circulatory/respiratory system,379701.0,383390.0,339836.0,382327.0,341983.0,383563.0,381545.5,-0.483428581912249,0.483428581912249,-10.931723739370534,0.20482485050931018,-10.369012345840797,0.5287704873992748
R10-R19,Symptoms & signs inv. the digestive system & abdomen,304717.0,301530.0,251398.0,278493.0,258438.0,276536.0,303123.5,0.5256933230185057,-0.5256933230185057,-17.064166915465147,-8.125565982182179,-14.741681195948185,-8.771177424383131
R20-R23,Symptoms & signs inv. the skin & subcutaneous tissue,33222.0,33681.0,26720.0,29807.0,29157.0,33322.0,33451.5,-0.6860678893323169,0.6860678893323169,-20.123163385797348,-10.894877658699908,-12.837989327832833,-0.3871276325426364
R25-R29,Symptoms & signs inv. the nervous & musculoskeletal sys.,92878.0,96777.0,92325.0,102952.0,92467.0,96507.0,94827.5,-2.0558382325802116,2.0558382325802116,-2.63900239909309,8.567662334238484,-2.48925680841528,1.771110701009728
R30-R39,Symptoms & signs involving the urinary system,50154.0,51229.0,42883.0,48073.0,44381.0,48223.0,50691.5,-1.0603355592160422,1.0603355592160422,-15.403963189094819,-5.165560301036663,-12.448832644526203,-4.869652703115907
R40-R46,Symptoms & signs inv. Cognition perception etc.,80608.0,80843.0,69656.0,71748.0,59375.0,64794.0,80725.5,-0.14555499811088193,0.14555499811088193,-13.71251958798645,-11.121021238642065,-26.448272231203273,-19.735399594923535
R47-R49,Symptoms & signs inv. speech & voice,6261.0,6360.0,6142.0,6559.0,5510.0,6076.0,6310.5,-0.7844069408129308,0.7844069408129308,-2.6701529197369465,3.937881308929562,-12.685207194358608,-3.7160288408208544
R50-R68,General symptoms & signs,248772.0,,,,,,248772.0,0.0,,,,,
R50-R69,General symptoms & signs,,279802.0,247805.0,294061.0,304736.0,367070.0,279802.0,,0.0,-11.435586593376746,5.096103673311842,8.911301563248298,31.18919807578216
R69,Unknown & unspecified causes of morbidity,83685.0,,,,,,83685.0,0.0,,,,,
R70-R79,"Abnormal findings on examination of blood, without diagnosis",,9001.0,7429.0,8954.0,10493.0,16199.0,9001.0,,0.0,-17.46472614153983,-0.5221642039773359,16.57593600711032,79.96889234529496
R70-R89,Abnormal findings of bodily fluids or samples without diag.,9835.0,,,,,,9835.0,0.0,,,,,
R80-R82,"Abnormal findings on examination of urine, without diagnosis",,453.0,447.0,482.0,466.0,558.0,453.0,,0.0,-1.3245033112582782,6.401766004415011,2.869757174392936,23.178807947019866
R83-R89,"Abnormal findings on examination of other body fluids, substances",,144.0,,,,,144.0,,0.0,,,,
R90-R94,Abnormal findings on diagnostic imaging/function studies,9530.0,10246.0,9859.0,12108.0,12411.0,14005.0,9888.0,-3.620550161812298,3.620550161812298,-0.29328478964401294,22.451456310679614,25.515776699029125,41.63632686084142
R95-R99,Ill-defined & unknown causes of mortality,,3.0,3.0,3.0,2.0,6.0,3.0,,0.0,0.0,0.0,-33.33333333333333,100.0
S00-S09,Injuries to the head,165396.0,160070.0,134613.0,137964.0,118611.0,124175.0,162733.0,1.6364228521566,-1.6364228521566,-17.279838754278483,-15.22063748594323,-27.113123951503383,-23.69402641136094
S10-S19,Injuries to the neck,9200.0,9209.0,7870.0,8718.0,8446.0,8833.0,9204.5,-0.048889130316692925,0.048889130316692925,-14.498343201694825,-5.285458199793579,-8.240534521158128,-4.036069313922538
S20-S29,Injuries to the thorax,27008.0,29354.0,26110.0,31050.0,31660.0,35316.0,28181.0,-4.162378907774742,4.162378907774742,-7.348923033249352,10.18061814697846,12.345197118626025,25.31847698804159
S30-S39,"Injuries to abdomen, lower back, lumbar spine & pelvis",38149.0,40055.0,34052.0,38368.0,37161.0,39690.0,39102.0,-2.437215487698839,2.437215487698839,-12.914940412255127,-1.8771418341772799,-4.963940463403406,1.5037593984962405
S40-S49,Injuries to the shoulder & upper arm,37500.0,36957.0,33029.0,35018.0,31932.0,33320.0,37228.5,0.7292799871066522,-0.7292799871066522,-11.28033630148945,-5.937655290973313,-14.227003505378944,-10.498677088789503
S50-S59,Injuries to the elbow & forearm,52627.0,50233.0,42710.0,44396.0,39139.0,38305.0,51430.0,2.327435349018083,-2.327435349018083,-16.95508458098386,-13.676842309935836,-23.89850281936613,-25.52012444098775
S60-S69,Injuries to the wrist & hand,54182.0,53676.0,43216.0,47580.0,44782.0,45057.0,53929.0,0.4691353446197779,-0.4691353446197779,-19.865007695303085,-11.772886573086836,-16.961189712399634,-16.451259989986834
S70-S79,Injuries to the hip & thigh,80995.0,83968.0,76930.0,80613.0,82126.0,82732.0,82481.5,-1.802222316519462,1.802222316519462,-6.7306001951952865,-2.26535647387596,-0.4310057406812437,0.30370446706231097
S80-S89,Injuries to the knee & lower leg,64009.0,64242.0,53690.0,62630.0,58127.0,59228.0,64125.5,-0.18167499668618567,0.18167499668618567,-16.27355732119048,-2.332145558319233,-9.354313026799012,-7.637367349962183
S90-S99,Injuries to the ankle & foot,15141.0,14321.0,12794.0,12722.0,10956.0,12010.0,14731.0,2.7832462154639876,-2.7832462154639876,-13.14914126671645,-13.637906455773537,-25.6262303984794,-18.47125110311588
T00-T07,Injuries involving multiple body regions,3882.0,4032.0,3567.0,3738.0,3331.0,3382.0,3957.0,-1.8953752843062925,1.8953752843062925,-9.855951478392722,-5.534495830174375,-15.82006570634319,-14.53121051301491
T08-T14,Injuries to unspecified part of trunk limb or body,1468.0,1405.0,1078.0,1161.0,983.0,1055.0,1436.5,2.1928297946397493,-2.1928297946397493,-24.956491472328576,-19.17855899756352,-31.569787678384962,-26.557605290636964
T15-T19,Effects of foreign body entering through natural orifice,14264.0,14916.0,14804.0,14981.0,13425.0,15121.0,14590.0,-2.2344071281699796,2.2344071281699796,1.4667580534612747,2.6799177518848527,-7.984921178889651,3.639479095270733
T20-T32,Burns and corrosions,9680.0,9941.0,8718.0,8356.0,7654.0,7933.0,9810.5,-1.3302074308139238,1.3302074308139238,-11.136027725396259,-14.825951786351357,-21.981550379695225,-19.13765863105856
T33-T35,Frostbite,37.0,16.0,31.0,22.0,40.0,31.0,26.5,39.62264150943396,-39.62264150943396,16.9811320754717,-16.9811320754717,50.943396226415096,16.9811320754717
T36-T50,Poisonings by drugs medicaments & biological substances,116256.0,112607.0,107506.0,95195.0,73488.0,70919.0,114431.5,1.5944036388581815,-1.5944036388581815,-6.052092299760119,-16.810493614083537,-35.779920738607814,-38.02493194618614
T51-T65,Tox. effcts. of substnces. chiefly non-medicinal as to source,5878.0,5616.0,6016.0,4404.0,3575.0,3666.0,5747.0,2.279450147903254,-2.279450147903254,4.6807029754654605,-23.368714111710457,-37.79363145989212,-36.21019662432573
T66-T78,Other and unspecified effects of external causes,16080.0,16181.0,13637.0,12592.0,10327.0,11237.0,16130.5,-0.31307151049254517,0.31307151049254517,-15.458293295310128,-21.936703759957844,-35.97842596323734,-30.336939338520196
T79,Certain early complications of trauma,2851.0,,,,,,2851.0,0.0,,,,,
T79-T79,Certain early complications of trauma,,2998.0,2690.0,3156.0,3729.0,3838.0,2998.0,,0.0,-10.273515677118079,5.270180120080053,24.38292194796531,28.018679119412944
T80-T88,Complications of surgical & medical care nec.,124802.0,130925.0,100203.0,123669.0,125441.0,143377.0,127863.5,-2.3943502250446764,2.3943502250446764,-21.632835015465712,-3.280451418895932,-1.8945985367207998,12.132860433196338
T90-T98,Sequelae of injuries of poisoning & other consequences,2.0,1.0,0.0,,,1.0,1.5,33.33333333333333,-33.33333333333333,-100.0,,,-33.33333333333333
U00-U49,Provisional assignment of new diseases of uncertain etiology,3.0,13438.0,245525.0,137026.0,89242.0,46890.0,6720.5,-99.95536046425117,99.95536046425117,3553.3740049103494,1938.9256751729781,1227.9071497656425,597.7159437541849
Z00-Z13,Examination and investigation,21440.0,24133.0,22890.0,25876.0,26310.0,29485.0,22786.5,-5.9092006231760035,5.9092006231760035,0.45421631229017184,13.558466635946722,15.463103153182805,29.396791960151848
Z20-Z29,Potential health hazards related to communicable diseases,559.0,698.0,257.0,442.0,499.0,515.0,628.5,-11.05807478122514,11.05807478122514,-59.108989657915664,-29.67382657120127,-20.60461416070008,-18.05887032617343
Z30-Z39,Health services in circumstances related to reproduction,5603.0,5262.0,5323.0,5282.0,5257.0,7572.0,5432.5,3.138518177634606,-3.138518177634606,-2.015646571560055,-2.7703635526921304,-3.2305568338702253,39.383341003221354
Z40-Z54,Persons encountering health services for specific care,8529.0,9725.0,9555.0,11838.0,12411.0,13365.0,9127.0,-6.551988605237208,6.551988605237208,4.689383148898871,29.703078777254298,35.98115481538293,46.4336583762463
Z55-Z65,Potential health hazards reltd. to socioeconomic & psychosoc.l,628.0,693.0,592.0,611.0,595.0,666.0,660.5,-4.920514761544284,4.920514761544284,-10.370931112793338,-7.494322482967449,-9.91672975018925,0.8327024981074944
Z70-Z76,Persons encountering health services in other circs.,6671.0,6713.0,5540.0,5873.0,5216.0,5950.0,6692.0,-0.3138075313807531,0.3138075313807531,-17.214584578601315,-12.238493723849372,-22.056186491332934,-11.08786610878661
Z80-Z99,Persons with potential health hazards related to family,207.0,207.0,144.0,170.0,225.0,238.0,207.0,0.0,0.0,-30.434782608695656,-17.874396135265698,8.695652173913043,14.975845410628018
‡ C51-C58,Malignant neoplasms of female genital organs,5087.0,5190.0,4814.0,,,,5138.5,-1.002238007200545,1.002238007200545,-6.315072491972365,,,
‡ C60-C63,Malignant neoplasms of male genital organs,5201.0,5142.0,4663.0,,,,5171.5,0.5704341100261046,-0.5704341100261046,-9.832737116890652,,,
‡ N40-N51,Diseases of male genital organs,39827.0,42466.0,37029.0,,,,41146.5,-3.206834117118102,3.206834117118102,-10.00692647005213,,,
‡ N70-N77,Inflammatory diseases of female pelvic organs,14301.0,14430.0,11689.0,,,,14365.5,-0.4489923775712645,0.4489923775712645,-18.631443388674253,,,
‡ N80-N98,Noninflammatory disorders of female genital tract,36309.0,37285.0,36080.0,,,,36797.0,-1.3261950702502923,1.3261950702502923,-1.948528412642335,,,
‡ O00-O08,Pregnancy with abortive outcome,48442.0,47694.0,45446.0,,,,48068.0,0.7780644087542649,-0.7780644087542649,-5.454772405758509,,,
"‡ O10-O75, O85-O92, O94-O99",Complications of labour and delivery,84655.0,,,,,,84655.0,0.0,,,,,
‡ O20-O29,Other maternal disorders predominantly related to pregnancy,,64743.0,61188.0,,,,64743.0,,0.0,-5.4909411056021495,,,
‡ O30-O48,Maternal care related to the fetus and amniotic cavity and possibl,,6614.0,,,,,6614.0,,0.0,,,,
‡ O60-O75,Complications of labour and delivery,,3799.0,,,,,3799.0,,0.0,,,,
‡ O80-O84,Delivery,266.0,,,,,,266.0,0.0,,,,,
